<?xml version='1.0' encoding='utf-8' standalone='yes' ?>
<map>
    <long name="DownloadDisplayMessageMillis" value="1757749368222" />
    <boolean name="firstAppStartWithUser" value="false" />
    <boolean name="shouldDownloadToSDCard" value="false" />
    <long name="LastLicenseMarkSyncMillis" value="1757763768224" />
    <boolean name="firstAppStartWithoutUser" value="false" />
    <long name="SyncPlayerSdkDownloadMillis" value="1757763768861" />
    <long name="RetryDisabledDownloadSyncMillis" value="1757749368222" />
    <long name="SyncPlayerSdkErrorStateMillis" value="1757749368222" />
    <boolean name="shouldSubscribeToAllTopics" value="false" />
    <long name="LastLicenseSyncMillis" value="1757749368221" />
    <boolean name="bg_startup_tracing" value="false" />
    <long name="com.secretmod.appcloner.classes.cloneTimestamp" value="1757748908621" />
    <long name="RefreshMetadataSyncTTLMillis" value="1758354168860" />
    <int name="com.secretmod.appcloner.classes.originalInstallVersionCode" value="377003627" />
    <long name="QueueDownloadSyncMills" value="1757749368222" />
    <long name="com.amazon.communication.remotesetting.pref.LAST_SUCCESSFUL_SYNC" value="1757749369624" />
    <string name="PN_customer_vcr">GB</string>
    <long name="DeleteDownloadSyncMillis" value="1757749368222" />
    <string name="PN_subscription_prefs">[{&quot;topic&quot;:&quot;AIV_video_in_library&quot;,&quot;isSubscribed&quot;:false},{&quot;topic&quot;:&quot;AIV_video_recommendations&quot;,&quot;isSubscribed&quot;:false},{&quot;topic&quot;:&quot;AIV_new_feature&quot;,&quot;isSubscribed&quot;:false},{&quot;topic&quot;:&quot;AIV_offer&quot;,&quot;isSubscribed&quot;:false}]</string>
    <long name="LastLicenseRepairMillis" value="1757749368222" />
    <long name="DisabledDownloadSyncMillis" value="1757749368222" />
    <long name="com.amazon.communication.remotesetting.pref.LAST_SYNC_ATTEMPT" value="1757749369624" />
    <string name="PN_customer_id">amzn1.account.AHZ3GDOZMTYI43RJFHH7QH5Y6KQQ</string>
    <long name="LastImagesDownloadSyncMillis" value="1757763768861" />
</map>
