<?xml version='1.0' encoding='utf-8' standalone='yes' ?>
<map>
    <string name="feature_usage_package_name">com.amazon.prime.ultramodz</string>
    <string name="client_sender_id">793a9e80-4727-4e2f-89e7-3a28fbf58367</string>
    <long name="feature_usage_last_report_time" value="1758281941287" />
    <long name="feature_usage_timestamp_detected_feature_15" value="1758281957047" />
    <string name="feature_usage_sdk_version">21.1.0</string>
    <long name="feature_usage_timestamp_reported_feature_5" value="1758281941286" />
</map>
