<?xml version='1.0' encoding='utf-8' standalone='yes' ?>
<map>
    <boolean name="PN_registered_successfully_with_MPRS" value="true" />
    <string name="PN_registration_id">dWeKI7iCRWuebJH9XqTszs:APA91bF2skw99DfyQsU_J5rJikfi7pFaS15y0FAne8qVd2yQzdWZiuqDxxZlfbOMGCfdVXoOB8-P-O6DRgCW6xkTBXcVBDW11UckvMUboghcvLHeMmHcFo4</string>
    <string name="PN_OS_notification_state">ACTIVE</string>
    <int name="PN_sequence_number_int" value="2" />
    <boolean name="isHfrSupported_Cache" value="true" />
    <string name="mostRecentlySeenMarketplaceId">A1F83G8C2ARO7P</string>
    <boolean name="isHdrSupported_Cache" value="false" />
    <boolean name="isUhdSupported_Cache" value="false" />
    <string name="mostRecentlySeenVcrPivot">UK:AWAY</string>
    <boolean name="EventSync_shouldForceProcess" value="false" />
    <string name="PN_OS_version">10</string>
    <string name="PN_application_install_id">EU:amazonaiv:b02e212f-38da-4e00-9517-ac0fd38fa924</string>
    <string name="playbackSupportInfo_Cache">SUPPORTED_HARDWARE</string>
    <boolean name="isDolyDigitalPlusSupported_Cache" value="false" />
    <string name="deviceVideoCodecOverride_Cache">H264;H265</string>
    <boolean name="isHevcSupported_Cache" value="true" />
    <boolean name="isPlaybackSupportCached" value="true" />
    <string name="deviceBitrateAdaptationsOverride_Cache">CBR;CVBR</string>
    <boolean name="isHdSupported_Cache" value="true" />
    <string name="PN_app_version">9999</string>
</map>
