{"Fid":"dWeKI7iCRWuebJH9XqTszs","Status":3,"AuthToken":"eyJhbGciOiJFUzI1NiIsInR5cCI6IkpXVCJ9.eyJhcHBJZCI6IjE6MzU0ODAwNjQ1MzI5OmFuZHJvaWQ6NGM2NjY0NGY4NDc1MTUwYiIsImV4cCI6MTc1ODM1NDE0MiwiZmlkIjoiZFdlS0k3aUNSV3VlYkpIOVhxVHN6cyIsInByb2plY3ROdW1iZXIiOjM1NDgwMDY0NTMyOX0.AB2LPV8wRQIgX3BGc-bReBa4FjIcCa-V5vDa3-n4gLM8MwX8_a1YjtUCIQDrfbWayPa_llaZbyWHXa-2ENuUdhpPvsUsBY_T0UhO9g","RefreshToken":"3_AS3qfwIVsbGkU07JqEyHq2KDA69JPSAD05lT7zFCdzkaX7GFKTqXyXvXFXUZrZ-kwMMWXFiBe4LlGm_5iTNh7WBoe-ZT3SNtxnUR55_r8syPpXI","TokenCreationEpochInSecs":1757749341,"ExpiresInSecs":604800}