{"Fid":"f_sV2NYbRQyIaF6DGSzkKu","Status":3,"AuthToken":"eyJhbGciOiJFUzI1NiIsInR5cCI6IkpXVCJ9.eyJhcHBJZCI6IjE6MzU0ODAwNjQ1MzI5OmFuZHJvaWQ6NGM2NjY0NGY4NDc1MTUwYiIsImV4cCI6MTc1ODg4NjY2NCwiZmlkIjoiZl9zVjJOWWJSUXlJYUY2REdTemtLdSIsInByb2plY3ROdW1iZXIiOjM1NDgwMDY0NTMyOX0.AB2LPV8wRAIgYb422zo_Sa-vPTcZLDwe0lh_coXBAREWcMvrmPoXMCkCIGbwMDn48Cq3N5Ja-J5H25dz4Xi4GfFfqbkDjF7Vldjg","RefreshToken":"3_AS3qfwLuUGVFQEyA1NeLkVNTHcObr-jZjvtyZuPUD2oi_fW7vIPTRvB6YjcXWsxjvfetLQWbOdeUUlUac_iNdk2oUVQiEhu6OBtyITWT-7XJwMg","TokenCreationEpochInSecs":1758281864,"ExpiresInSecs":604800}